key,cal_z
GRIAFFLKY|HLA-B*27:05,6.46082257495353
LPIQYEPVL|HLA-B*35:03,2.3722327267354952
KLILWRGLK|HLA-A*03:01,2.7510469090273535
SPGPVKLEL|HLA-B*07:02,5.20762486653293
YIDERFERY|HLA-A*01:01,64.29210939259418
GLFGDIYLA|HLA-A*02:01,3.334941971557037
KTLTSVFQK|HLA-A*11:01,8.577128232466787
CILGKLFTK|HLA-A*11:01,2.232314463983714
KMIGNHLWV|HLA-A*02:01,2.500123814683997
CLNEYHLFL|HLA-A*02:01,3.7064641937138023
KLMNIQQKL|HLA-A*02:01,1.8042497322555515
FLYNLLTRV|HLA-A*02:01,5.05959880744979
IILVAVPHV|HLA-A*02:01,2.7021719871310466
MLGEQLFPL|HLA-A*02:01,1.7401121538907303
QTIDNIVFL|HLA-A*02:01,2.535038096850795
LLSIVPCTV|HLA-A*02:01,1.9345284528818756
FVSALCMFL|HLA-A*02:01,1.2179878049730877
CLFPQTLAA|HLA-A*02:01,0.9780699535302597
QLDKCSAFV|HLA-A*02:01,1.073014708189933
VLLRALPVL|HLA-A*02:01,3.1986836172826956
LLSIIFFPA|HLA-A*02:01,1.1485126459372872
YISKCWDYA|HLA-A*02:01,0.7814468525787626
AVIDAYTEI|HLA-A*02:01,0.8038488261805615
KLANPLPYT|HLA-A*02:01,1.6540687301315267
IMAHCILDL|HLA-A*02:01,1.9112981580973816
TPTVPSSSF|HLA-B*35:01,1.2557190603470805
VVMSWAPPV|HLA-A*02:01,1.636536145221814
LADEAEVYL|HLA-A*02:01,1.9869833246083932
GIVEGLITT|HLA-A*02:01,0.9745924133813417
TLWCSPIKV|HLA-A*02:01,3.1728426058985115
FLIYLDVSV|HLA-A*02:01,2.6078953005609335
FMPDFDLHL|HLA-A*02:01,3.2708903631332884
ALIHHNTYL|HLA-A*02:01,3.411709766981457
ILTGLNYEV|HLA-A*02:01,3.24457955884021
ALYGFVPVL|HLA-A*02:01,4.134979844104393
ALSPVIPHI|HLA-A*02:01,3.3198529661548757
ILAALFLGL|HLA-A*02:01,2.0725078069076615
LLFGMPPCL|HLA-A*02:01,3.666211210225024
KLSHQLVLL|HLA-A*02:01,2.894392450532349
AVGSYVYSV|HLA-A*02:01,2.208830438521557
QQFAVGSYV|HLA-A*02:01,1.160214803875107
LIIPFIHLI|HLA-A*02:01,2.23202415205552
FLDEFMEGV|HLA-A*02:01,2.909022549349626
RPHVPESAF|HLA-B*07:02,8.670275732762269
KIFSEVTLK|HLA-A*03:01,4.463029625538605
ETVSEQSNV|HLA-A*68:01,-0.14929318777201026
VLHDDLLEA|HLA-A*02:01,3.4111425574819823
DYLQYVLQI|HLA-A*24:02,3.6022593785462744
QTACEVLDY|HLA-A*01:01,5.429376962324748
FRSGLDSYV|HLA-C*06:02,5.935933160548408
AEPINIQTW|HLA-B*44:03,5.756331339599411
ILDKVLVHL|HLA-A*02:01,3.2207348271212006
SYLDSGIHF|HLA-A*24:02,6.2403989276613565
KELEGILLL|HLA-B*44:03,4.495476404495217
SHETVIIEL|HLA-B*38:01,1.6435338463245
LLDGFLATV|HLA-A*02:01,4.857768441529423
GRTGAGKSFL|HLA-B*27:05,-0.1161464001295235
GLFGDIYLAI|HLA-A*02:01,3.1957467111952313
SLADEAEVYL|HLA-A*02:01,1.3528327781957434
KTLTSVFQKK|HLA-A*11:01,8.739788821305922
CILGKLFTKK|HLA-A*11:01,3.527548376245326
IIGAGPAEV|HLA-A*02:01,2.0696051607222254
MPIEPGDIGC|HLA-B*35:01,9.327552054229148
GIVEGLITTV|HLA-A*02:01,1.9555624317975262
VLENFTIFLV|HLA-A*02:01,2.6106156008192167
SVLENFTIFL|HLA-A*02:01,0.39475773977527107
PSDTRQMLFY|HLA-A*01:01,36.28620742062181
RLFPGLTIKI|HLA-A*02:05,0.6971734917858667
TRSSGSHFVF|HLA-C*07:01,6.571939055129738
KLYGLDWAEL|HLA-A*02:01,3.558452131555597
ALDPHSGHFV|HLA-A*02:01,2.3658931983493567
ACDPHSGHFV|HLA-A*02:01,-0.30650915540919976
KLFEFLVYGV|HLA-A*02:01,2.8479716440738945
LLLDDLLVSI|HLA-A*02:01,2.895343402953147
SLFEGIDIYT|HLA-A*02:01,0.3056614225500055
FIASNGVKLV|HLA-A*02:01,1.2369550633035042
KEFEDDIINW|HLA-B*44:03,6.836937127424217
TLDWLLQTPK|HLA-A*03:01,1.2350404190595319
KILDAVVAQK|HLA-A*03:01,2.772841831698106
SLLDGFLATV|HLA-A*02:01,3.834236018051022
VVVGAVGVG|HLA-B*35:01,-0.34700320382398187
YVDFREYEYY|HLA-A*01:01,58.72672081333799
ILDTAGREEY|HLA-A*01:01,25.061888555273363
ILDTAGKEEY|HLA-A*01:01,30.9417686979203
HMTEVVRHC|HLA-A*02:01,1.604477842130912
KLKFVTLVF|HLA-A*24:02,3.4500458473138575
KLKFVTLVF|HLA-B*15:01,7.012374945111232
RFLEYLPLRF|HLA-A*24:02,5.352633777451896
VTEKLQPTY|HLA-A*01:01,26.07215270820213
FPKKIQMLA|HLA-B*56:01,11.31051342071
VRTLLSQVNK|HLA-B*27:05,4.507961847533254
LRAAFFGKCF|HLA-B*27:05,2.601088613053038
IPLSDNTIF|HLA-B*35:01,7.499147110803194
YPVIFKSIM|HLA-B*35:01,12.34287705416662
LPNEYAFVTT|HLA-B*35:01,4.726869818838172
LPNEYAFVT|HLA-B*35:01,10.236985620628207
DMKARQKALV|HLA-B*08:01,9.672461687788633
STPSASPLSV|HLA-C*15:02,-0.16490824003382482
ISANAVEQIV|HLA-C*15:02,1.9098605692747215
GADGVGKSAL|HLA-C*05:01,0.4319222802436478
GADGVGKSAL|HLA-C*08:02,1.9823932716215367
VESEDIAEL|HLA-B*40:01,1.5233842569592024
RTKVVQTLW|HLA-A*32:01,11.630153430135046
IPIDGIFFTY|HLA-B*35:01,9.521159695345435
RLSDFSEQL|HLA-A*02:01,2.6046330854971966
LLVDLAEEL|HLA-A*02:01,2.4370998432281104
FLGEAWAQV|HLA-A*02:01,3.3457498499961074
ILSPSAHEL|HLA-A*02:01,2.0557468702585964
WVLALFDEV|HLA-A*02:01,1.3842874506296388
YILKYSVFL|HLA-A*02:01,3.512339424075901
SLLRSLENV|HLA-A*02:01,2.9812389007802262
IMSSSLFNL|HLA-A*02:01,1.0602616997992311
SLRSHHYSL|HLA-B*08:01,7.03115142189244
LPSMHRHQI|HLA-B*08:01,0.0446266756514089
VLQEATICV|HLA-A*02:01,1.1884440025887957
RLFGEAPREL|HLA-A*02:01,1.6909455123404717
FVGALSFSI|HLA-A*02:01,1.8236728554038506
FISNTVFRK|HLA-A*11:01,4.58554593346998
QMIYSAARV|HLA-A*02:01,2.1287632864573687
FLFELIPEP|HLA-A*02:01,2.1055855822234184
DANSFLQSV|HLA-B*51:01,15.355232238753768
LFIMISVWSF|HLA-A*24:02,0.2182018423999756
GVYPMPGTQK|HLA-A*03:01,4.449330520144425
MRMNQGVCC|HLA-B*39:06,6.365037550801181
FLSDHLYLV|HLA-A*02:01,4.481978460175077
KPSDTPRPVM|HLA-B*07:02,12.291478844659684
HIAKSLFEV|HLA-A*02:01,1.6875940454291594
KPFCVLISL|HLA-B*07:02,14.998591557015494
SSYTGFANK|HLA-A*11:01,6.300693589763458
FLLDEAIGL|HLA-A*02:01,3.7656553786534723
HSCVMASLR|HLA-A*68:01,3.3386055934987415
HDLGRLHSC|HLA-B*37:01,9.866264467108634
SEKLRHMLL|HLA-B*40:02,1.691208747192937
RMQYSMECF|HLA-B*15:01,2.8675641101652207
YSMECFQFM|HLA-C*03:03,2.605979538372278
VVPCEPPEV|HLA-A*02:01,1.1454025192236772
SRPPPGTRV|HLA-A*02:01,-0.40144110262886223
STPPPGTRF|HLA-A*02:01,-0.8742905551095557
LLGRNSFKV|HLA-A*02:01,1.285198688661488
MVNTVAGAMK|HLA-A*68:01,0.5373545274112839
TTAATHREK|HLA-A*68:01,-0.030061658580212446
AYLEAIHKF|HLA-A*24:02,9.581162191930506
TLPEEFHEF|HLA-A*24:02,4.464356528696506
VYVAKLHDI|HLA-A*24:02,4.511873522045526
HYAALRELI|HLA-A*24:02,1.6934014275389497
FRLHNKPTF|HLA-B*27:05,1.9935754862770692
TYLPSAWNF|HLA-A*24:02,9.617491122918429
VYQYTFPDF|HLA-A*24:02,6.45407343485776
YYSKNLNSFF|HLA-A*24:02,4.708833747090378
GLGPGFSSY|HLA-B*15:01,1.8991324590036587
VIVSPSSSTK|HLA-A*03:01,0.4968741176376498
KLACKVEGHK|HLA-A*03:01,0.9321433850809006
RVAGSMSSL|HLA-B*07:02,1.3298159824642832
VPVHKKDVM|HLA-B*07:02,2.6684462496475114
SPVTEIRTDL|HLA-B*07:02,2.850425120999965
RASVQGVAL|HLA-B*07:02,1.3162977261908417
SLFTLHVLGL|HLA-A*02:01,0.2251246376699228
YVGARCEHV|HLA-A*02:01,1.2122901751448065
RQLEVPWPYI|HLA-A*02:01,-0.7321354473333657
FLDPDIGGL|HLA-A*02:01,2.516593542165818
ALGALTVWL|HLA-A*02:01,3.026813615732971
YQPQRINYL|HLA-A*02:01,-0.15503924454109327
KMFSHPSSFR|HLA-A*03:01,0.5428362124223749
APASAATKA|HLA-B*07:02,0.039312664932958326
APPQHLTRV|HLA-B*07:02,0.04626135808583225
LLSTAEAAV|HLA-A*02:01,0.9363293858842331
KIFNFYPRK|HLA-A*03:01,2.46543426868274
KMKNFFFTK|HLA-A*03:01,1.7088311113471286
TLYSPRGEK|HLA-A*03:01,1.9746346749153416
AMYQRAKLK|HLA-A*03:01,1.0546066341744276
SLLTPPSTK|HLA-A*03:01,2.060842203803432
RLMFFRPIK|HLA-A*03:01,0.4824950944311628
TTYSPIGEK|HLA-A*03:01,4.52398444795405
KTYPCKIFY|HLA-A*03:01,4.051916335859544
SLQPRGSFK|HLA-A*03:01,0.47161791789273216
KQFSAMALK|HLA-A*03:01,1.359358198766987
KLKLPIIMK|HLA-A*03:01,3.012647589696465
RLKCPFYGK|HLA-A*03:01,2.5719053967054117
KVMTDPSRK|HLA-A*03:01,3.7402757207754505
RRFSSLYSF|HLA-B*27:05,5.724665791309229
RRLLILGRI|HLA-B*27:05,5.516507305061431
FRMFLTQGF|HLA-B*27:05,4.84658813736865
GRWALHSAF|HLA-B*27:05,3.329538670258467
KRFLHRQPL|HLA-B*27:05,3.2347556169931218
ARFAVNLRL|HLA-B*27:05,4.347692410375734
WRNSFLLRY|HLA-B*27:05,6.520443180578407
YRIYDIPPK|HLA-B*27:05,2.043767024804137
YRHLFKVFR|HLA-B*27:05,6.681475280920358
FRFFTRKSL|HLA-B*27:05,2.417872227991276
RRHCRSYNR|HLA-B*27:05,6.161627068834353
KRRLLILGR|HLA-B*27:05,6.969212273284676
RRTQRYFMK|HLA-B*27:05,6.40797318476552
KRTNVGILK|HLA-B*27:05,2.5611222542749044
HRYFFFVAM|HLA-B*27:05,2.8036593505456953
FRFFATPAL|HLA-B*27:05,1.1604762407916065
